Elements_Count,CircularList_ms,SentinelList_ms,XORList_ms,StdList_ms

10000,0.591373,0.630351,0.819013,1.12442

50000,1.14747,1.55158,1.63033,3.64844

100000,2.39568,2.64895,3.30395,7.12617

200000,3.38836,6.93232,12.0038,22.2576